{
  "result": "true",
  "asks": [
    [9000000, 0.005],
    [8999999, 0.0001],
    [54542, 0.003],
    [11129.6, 0.0151],
    [6808, 0.0013],
    [5485.699, 0.08],
    [3603.217, 0.003],
    [3355.11, 0.0765],
    [2485.699, 0.08],
    [1610, 0.6709],
    [885.802, 0.5878],
    [700, 1],
    [699, 0.2],
    [691, 0.156],
    [690, 0.156],
    [688, 0.15],
    [687, 0.15],
    [686, 0.12],
    [684, 0.12],
    [683, 0.12],
    [682, 0.12],
    [681, 0.12],
    [680, 2],
    [679.9, 0.157],
    [679, 0.1556],
    [678, 0.155],
    [673, 0.155],
    [672, 0.15],
    [671, 0.15],
    [670, 0.126],
    [669, 0.12],
    [667, 0.1],
    [665, 0.128],
    [663, 0.128],
    [660, 0.0242],
    [648, 0.0462],
    [644, 0.306],
    [635, 0.15448377],
    [600, 1],
    [580.028, 0.0013],
    [560, 0.16],
    [520, 0.0004],
    [500, 0.0012],
    [495, 1.7539],
    [494.989, 0.007],
    [464, 0.0461],
    [457.999, 0.02],
    [454, 0.0006],
    [452.503, 0.237],
    [450, 0.0005],
    [420.001, 0.07552364],
    [420, 0.0286],
    [414.99, 0.0965],
    [414.989, 0.0181],
    [407.87, 0.1531],
    [400, 0.0023],
    [395.775, 0.8702],
    [395.772, 0.05],
    [395, 0.0995],
    [394.4, 0.05],
    [392.05199986, 0.04790282],
    [391, 0.11082761],
    [390, 0.0135],
    [389.99, 0.05]
  ],
  "bids": [
    [367.187, 0.0132],
    [367.15614846, 0.02343635],
    [367.155, 0.0163],
    [367.00008861, 0.01850708],
    [366.14000756, 0.20875197],
    [366.10000081, 0.10987854],
    [364.00005486, 0.06052087],
    [362, 0.0138],
    [361.774, 0.0003],
    [360.00002886, 0.03620555],
    [360.00000156, 1.02571944],
    [340, 0.0085],
    [333.00009658, 0.02267657],
    [330.00001171, 0.1707706],
    [330, 0.0804],
    [329.003, 0.0151],
    [329.002, 0.0151],
    [329, 0.3039],
    [325.40074261, 0.00309987],
    [320.00002067, 0.11608593],
    [300.00001263, 0.15833066],
    [300, 0.149],
    [289, 0.692],
    [279, 0.692],
    [269, 0.692],
    [259, 0.7722],
    [56, 0.8],
    [50, 0.001],
    [1.021, 1.977571],
    [1, 1],
    [0.001, 1000]
  ]
}
